Title,Category
Blast from the Past: A Novel (Kinky Friedman Novels),"Fiction , Action & Adventure"
"Breakthroughs (The Great War, Book 3)","Fiction , Action & Adventure"
Blade Dancer,"Fiction , Science Fiction , Action & Adventure"
Acorna: The Unicorn Girl,"Fiction , Science Fiction , Action & Adventure"
Mr. Midshipman Hornblower (Hornblower Saga (Paperback)),"Fiction , Action & Adventure"
Spy High Mission Two: Chaos Rising (Spy High (Little Brown and Company)),"Young Adult Fiction , Action & Adventure , General"
The Age of the Antichrist,"Fiction , Action & Adventure"
The Alien Years,"Fiction , Science Fiction , Action & Adventure"
Norse Myths (The Legendary Past),"Fiction , Action & Adventure"
Journey to the Centre of the Earth,"Fiction , Science Fiction , Action & Adventure"
Point Blank (Alex Rider),"Young Adult Fiction , Action & Adventure , General"
The Fur Person,"Fiction , Action & Adventure"
"Circle of Steel : Bolan Deals a Blow to the Illicit Arms Trade (Mack Bolan, The Executioner No 115)","Fiction , Action & Adventure"
Break And Enter,"Fiction , Action & Adventure"
Flood Tide,"Fiction , Action & Adventure"
The Fourth Protocol,"Fiction , Action & Adventure"
"Blood Dues (Don Pendleton's Mack Bolan)(The Executioner, No. 71)","Fiction , Action & Adventure"
Antibodies (The X-files),"Fiction , Science Fiction , Action & Adventure"
Vanishing Moon Pa (Harvest Book),"Fiction , Action & Adventure"
The Thor Conspiracy: The Seventy-Hour Countdown to Disaster,"Fiction , Science Fiction , Action & Adventure"
"Death Has A Name (The Executioner, No. 96)","Fiction , Action & Adventure"
Atlantis Found: A Dirk Pitt Adventure (Dirk Pitt Adventures),"Fiction , Science Fiction , Action & Adventure"
Standoff,"Fiction , Action & Adventure"
Faerie Wars (Faerie Wars Chronicles),"Young Adult Fiction , Action & Adventure , General"
Atlantis Found (Dirk Pitt),"Fiction , Action & Adventure"
The Geographer's Library,"Fiction , Action & Adventure"
Recessional,"Fiction , Action & Adventure"
Adventures of an Ice Princess,"Fiction , Action & Adventure"
Decider,"Fiction , Action & Adventure"
Spider Legs,"Fiction , Science Fiction , Action & Adventure"
Chadwick and the Garplegrungen,"Juvenile Fiction , Action & Adventure , General"
Redshift: Extreme Visions of Speculative Fiction,"Fiction , Science Fiction , Action & Adventure"
Box Socials,"Fiction , Action & Adventure"
Mamista,"Fiction , Action & Adventure"
Cosm,"Fiction , Science Fiction , Action & Adventure"
"Hellbinder (Mack Bolan, Executioner #72)","Fiction , Action & Adventure"
The Red Hat Club Rides Again: A Novel,"Fiction , Action & Adventure"
"Saucer (Saucer, 1)","Fiction , Action & Adventure"
The Exploits & Adventures of Miss Alethea Darcy: A Novel,"Fiction , Action & Adventure"
Bright Star,"Fiction , Action & Adventure"
Man With a Squirrel,"Fiction , Action & Adventure"
Very Old Bones (Contemporary American Fiction),"Fiction , Action & Adventure"
Doomsday Disciples (Mack Bolan The Executioner 49),"Fiction , Action & Adventure"
Driving Force,"Fiction , Action & Adventure"
Riddle of the Five Buddhas,"Fiction , Action & Adventure"
The Coming (Ace Science Fiction),"Fiction , Science Fiction , Action & Adventure"
"Hang on to Your Diapies, Babies, We're Going In!: Trivia from the Hit Movie! (The Rugrats Movie)","Juvenile Fiction , Action & Adventure , General"
Little Star,"Juvenile Fiction , Action & Adventure , General"
Four Guys and Trouble,"Fiction , Action & Adventure"
Lost World (Random House Large Print),"Fiction , Action & Adventure"
Code of Honor,"Fiction , Action & Adventure"
A Very Strange Trip,"Fiction , Action & Adventure"
The Crystal Star (Star Wars),"Fiction , Science Fiction , Action & Adventure"
The Purple Emperor: Faerie Wars II (Faerie Wars Chronicles),"Young Adult Fiction , Action & Adventure , General"
Fourth Procedure,"Fiction , Action & Adventure"
The Lost World,"Fiction , Action & Adventure"
The Fire Station (Rise and Shine),"Juvenile Fiction , Action & Adventure , General"
Pirates: Swashbuckling Stories from the Seven Seas,"Fiction , Action & Adventure"
"Meltdown (Mac Bolan, The Executioner #97)","Fiction , Action & Adventure"
"Dixie City Jam (Robicheaux, Book 7)","Fiction , Action & Adventure"
Blue's Big Birthday (Blue's Clues),"Juvenile Fiction , Action & Adventure , General"
"Trojan Horse (Mack Bolan, The Executioner, No 110)","Fiction , Action & Adventure"
Tiger War (Mack Bolan No 61),"Fiction , Action & Adventure"
Very Old Bones,"Fiction , Action & Adventure"
Spongebob Squarepants Movie,"Juvenile Fiction , Action & Adventure , General"
The Iron Ring,"Juvenile Fiction , Action & Adventure , General"
Star Wars Episode II: Attack of the Clones,"Fiction , Science Fiction , Action & Adventure"
Point Blank (Alex Rider Adventure),"Young Adult Fiction , Action & Adventure , General"
"The Magyar Venus (Archaeological Mysteries, No. 8)","Fiction , Action & Adventure"
"The Queen of the South (Perez-Reverte, Arturo)","Fiction , Action & Adventure"
Antarctica,"Fiction , Science Fiction , Action & Adventure"
Turbulence,"Fiction , Action & Adventure"
Off the Mangrove Coast,"Fiction , Action & Adventure"
"Vendetta in Venice (Mack Bolan, The Executioner, No 117)","Fiction , Action & Adventure"
Star Trek: The Next Generation - Triangle: Imzadi II,"Fiction , Science Fiction , Action & Adventure"
Daughter of Fortune,"Fiction , Action & Adventure"
Heat (Fearless #8),"Young Adult Fiction , Action & Adventure , General"
"The Fran That Time Forgot (4) (Franny K. Stein, Mad Scientist)","Juvenile Fiction , Action & Adventure , General"
When Christ and His Saints Slept: A Novel,"Fiction , Action & Adventure"
The Adventures of Buster Bear (Dover Children's Thrift Classics),"Juvenile Fiction , Action & Adventure , General"
True At First Light: A Fictional Memoir,"Fiction , Action & Adventure"
Joe and the Ten Wishes,"Juvenile Fiction , Action & Adventure , General"
Labyrinth (The Languedoc Trilogy),"Fiction , Action & Adventure"
The Moffats,"Juvenile Fiction , Action & Adventure , General"
Fearless #1,"Young Adult Fiction , Action & Adventure , General"
The Door in the Dragon's Throat (The Cooper Kids Adventure Series #1),"Young Adult Fiction , Action & Adventure , General"
Koko,"Fiction , Action & Adventure"
The Price of Honor,"Fiction , Action & Adventure"
The Seventh Trumpet,"Fiction , Action & Adventure"
Londonstani,"Fiction , Action & Adventure"
Gai-Jin,"Fiction , Action & Adventure"
Hong Kong: A Jake Grafton Novel,"Fiction , Action & Adventure"
Hunting Season,"Fiction , Action & Adventure"
Angel of Death (Sean Dillon),"Fiction , Action & Adventure"
The First Eagle (A Leaphorn and Chee Novel),"Fiction , Action & Adventure"
Night of the Hawk,"Fiction , Action & Adventure"
School's Out - Forever: A Maximum Ride Novel (Book 2),"Young Adult Fiction , Action & Adventure , General"
Chadwick the Crab,"Juvenile Fiction , Action & Adventure , General"
Be Cool,"Fiction , Action & Adventure"
Return of the Jedi (Step-Up Movie Adventures),"Juvenile Fiction , Action & Adventure , General"
Little Bo: The Story of Bonnie Boadicea,"Juvenile Fiction , Action & Adventure , General"
Green River Rising: A Novel,"Fiction , Action & Adventure"
"SUMMERTIDE I (The Heritage Universe, Book 1)","Fiction , Science Fiction , Action & Adventure"
Heaven,"Fiction , Science Fiction , Action & Adventure"
Convoy North (Convoy Series),"Fiction , Action & Adventure"
Fragrant Harbor,"Fiction , Action & Adventure"
Don't Say a Word,"Fiction , Action & Adventure"
Wild Horses,"Fiction , Action & Adventure"
The Bobbsey Twins' Big Adventure at Home (The Bobbsey Twins #8),"Juvenile Fiction , Action & Adventure , General"
Nothing to Lose,"Fiction , Action & Adventure"
Sam Gunn Forever,"Fiction , Science Fiction , Action & Adventure"
Better Angels,"Fiction , Science Fiction , Action & Adventure"
The Soloist,"Fiction , Action & Adventure"
Inca Gold,"Fiction , Action & Adventure"
Far Horizons:: All New Tales From The Greatest Worlds Of Science Fiction,"Fiction , Science Fiction , Action & Adventure"
Samantha Saves the Day (American Girl Collection),"Juvenile Fiction , Action & Adventure , General"
Against The Odds (Serrano Legacy),"Fiction , Science Fiction , Action & Adventure"
The Black Stallion and Flame,"Juvenile Fiction , Action & Adventure , General"
Arthurian Legends,"Fiction , Action & Adventure"
Outward Bound,"Fiction , Science Fiction , Action & Adventure"
Polar Star,"Fiction , Action & Adventure"
The Vanishing Pumpkin,"Juvenile Fiction , Action & Adventure , General"
Avalanche Express,"Fiction , Action & Adventure"
Minotaur,"Fiction , Action & Adventure"
Philly Amateurs,"Fiction , Action & Adventure"
The Traveler's Tree,"Fiction , Action & Adventure"
The Yellow Admiral,"Fiction , Action & Adventure"
Icon,"Fiction , Action & Adventure"
Destiny's Road,"Fiction , Science Fiction , Action & Adventure"
The Rugrats Movie Storybook,"Juvenile Fiction , Action & Adventure , General"
Far North,"Young Adult Fiction , Action & Adventure , General"
Toxin,"Fiction , Action & Adventure"
The Little Mermaid and Other Fairy Tales: Unabridged in Easy-to-Read Type (Dover Children's Thrift Classics),"Juvenile Fiction , Action & Adventure , Survival Stories"
Shock Wave (Dirk Pitt Adventures),"Fiction , Action & Adventure"
How Nancy Jackson Married Kate Wilson and Other Tales of Rebellious Girls and Daring Young Women,"Fiction , Action & Adventure"
Cassie Loves a Parade (Pictureback(R)),"Juvenile Fiction , Action & Adventure , General"
The Dolphins of Pern (Dragonriders of Pern Series),"Fiction , Science Fiction , Action & Adventure"
Blood (Fearless #9),"Young Adult Fiction , Action & Adventure , General"
Alaska,"Fiction , Action & Adventure"
I Left My Sneakers in Dimension X: A Rod Allbright Alien Adventure,"Juvenile Fiction , Action & Adventure , General"
"The Bobbsey Twins and the Mystery at Snow Lodge (The Bobbsey Twins, No. 5)","Juvenile Fiction , Action & Adventure , General"
The Secret at the Seashore (Bobbsey Twins #3),"Juvenile Fiction , Action & Adventure , General"
"Saucer: The Conquest: The Conquest (Saucer, 2)","Fiction , Action & Adventure"
Dark Watch (The Oregon Files),"Fiction , Action & Adventure"
The Wolves of Willoughby Chase (Wolves Chronicles Series),"Juvenile Fiction , Action & Adventure , General"
The Courage of Sarah Noble,"Juvenile Fiction , Action & Adventure , General"
The Adventures of Danny Meadow Mouse (Dover Children's Thrift Classics),"Juvenile Fiction , Action & Adventure , General"
King Solomon's Mines: Complete and Unabridged (Puffin Classics),"Juvenile Fiction , Action & Adventure , General"
Beyond the Great Snow Mountains: Stories,"Fiction , Action & Adventure"
"Lunch Walks Among Us (1) (Franny K. Stein, Mad Scientist)","Juvenile Fiction , Action & Adventure , General"
Milo's Story (A Stepping Stone Book(TM)),"Juvenile Fiction , Action & Adventure , General"
Full Tilt,"Young Adult Fiction , Action & Adventure , General"
"Divide and Conquer (Tom Clancy's Op-Center, Book 7)","Fiction , Action & Adventure"
D.W. All Wet (D. W. Series),"Juvenile Fiction , Action & Adventure , General"
"Mirror Image (Tom Clancy's Op-Center, Book 2)","Fiction , Action & Adventure"
Russka: The Novel of Russia,"Fiction , Action & Adventure"
Damia's Children (A Tower and Hive Novel),"Fiction , Science Fiction , Action & Adventure"
Rules of Engagement,"Fiction , Science Fiction , Action & Adventure"
Lyon's Pride,"Fiction , Science Fiction , Action & Adventure"
The Search Begins (Disney's Atlantis: The Lost Empire),"Juvenile Fiction , Action & Adventure , General"
Arthur Meets the President: An Arthur Adventure (Arthur Adventures),"Juvenile Fiction , Action & Adventure , General"
Maximum Ride Saving The World And Other Extreme Sports,"Young Adult Fiction , Action & Adventure , General"
No Country for Old Men (Vintage International),"Fiction , Action & Adventure"
The Navigator (The Numa Files),"Fiction , Action & Adventure"
"The Gods of War (Emperor, Book 4)","Fiction , Action & Adventure"
Destiny's Road,"Fiction , Science Fiction , Action & Adventure"
Blood Orchid (Holly Barker),"Fiction , Action & Adventure"
"Shadow Watch (Tom Clancy's Power Plays, Book 3)","Fiction , Action & Adventure"
The Lost World,"Fiction , Action & Adventure"
I'm Not Who You Think I Am,"Young Adult Fiction , Action & Adventure , General"
The Sum of All Fears (A Jack Ryan Novel),"Fiction , Action & Adventure"
The Uplift War,"Fiction , Science Fiction , Action & Adventure"
Operation Barracuda (Tom Clancy's Splinter Cell),"Fiction , Action & Adventure"
Sahara,"Fiction , Action & Adventure"
Monsoon (Courtney Family Adventures),"Fiction , Action & Adventure"
Cuba,"Fiction , Action & Adventure"
Havana: An Earl Swagger Novel,"Fiction , Action & Adventure"
Soon I Will be Invincible,"Fiction , Action & Adventure"
"So Long, and Thanks for all the Fish","Fiction , Science Fiction , Action & Adventure"
The Fourth Deadly Sin,"Fiction , Action & Adventure"
24 Declassified: Vanishing Point,"Fiction , Action & Adventure"
The Black Pearl,"Young Adult Fiction , Action & Adventure , General"
"Hidden Agendas (Tom Clancy's Net Force, Book 2)","Fiction , Action & Adventure"
The Master of Ballantrae (Classics Illustrated Study Guides Series),"Fiction , Action & Adventure"
The Adventures of Abdi,"Juvenile Fiction , Action & Adventure , General"
The Hideout,"Juvenile Fiction , Action & Adventure , General"
Trapped in Death Cave (Aladdin Adventure),"Juvenile Fiction , Action & Adventure , General"
Crusader Gold (Jack Howard),"Fiction , Action & Adventure"
The Butlerian Jihad (Legends of Dune #1),"Fiction , Science Fiction , Action & Adventure"
Eagle Strike (An Alex Rider Adventure),"Young Adult Fiction , Action & Adventure , General"
"Hard Eight (Stephanie Plum, No. 8) (Stephanie Plum Novels)","Fiction , Action & Adventure"
Rules of Engagement,"Fiction , Action & Adventure"
U.S.S. Seawolf,"Fiction , Action & Adventure"
Supermen: Tales of the Posthuman Future,"Fiction , Science Fiction , Action & Adventure"
Memory,"Fiction , Science Fiction , Action & Adventure"
Crystal Rain,"Fiction , Science Fiction , Action & Adventure"
The Martian Race,"Fiction , Science Fiction , Action & Adventure"
Checkmate (Tom Clancy's Splinter Cell),"Fiction , Action & Adventure"
A Tangled Web: A Novel,"Fiction , Action & Adventure"
Dragon (Dirk Pitt Adventure),"Fiction , Action & Adventure"
Arthur Goes to Camp -(Arthur Adventure Series),"Juvenile Fiction , Action & Adventure , General"
Arthur's First Sleepover: An Arthur Adventure,"Juvenile Fiction , Action & Adventure , General"
"The Invisible Fran (3) (Franny K. Stein, Mad Scientist)","Juvenile Fiction , Action & Adventure , General"
The Graveyard Game,"Fiction , Science Fiction , Action & Adventure"
"Young Wolf and Spirit Horse (Step into Reading, Step 3, paper)","Juvenile Fiction , Action & Adventure , General"
FATHER FOUND : A Novel,"Fiction , Action & Adventure"
River God: A Novel of Ancient Egypt (Novels of Ancient Egypt),"Fiction , Action & Adventure"
Ark Angel (An Alex Rider Adventure),"Young Adult Fiction , Action & Adventure , General"
Chindi,"Fiction , Science Fiction , Action & Adventure"
"Ruthless.Com (Tom Clancy's Power Plays, Book 2)","Fiction , Action & Adventure"
Earth Rise,"Fiction , Science Fiction , Action & Adventure"
The Last of the Mohicans (A Stepping Stone Book),"Juvenile Fiction , Action & Adventure , General"
Lost Horizon,"Fiction , Action & Adventure"
The Codex,"Fiction , Action & Adventure"
"War of Eagles (Tom Clancy's Op-Center, Book 12)","Fiction , Action & Adventure"
"Vendetta (The Sisterhood, No.3)","Fiction , Romance , Action & Adventure"
The Seventh Scroll,"Fiction , Action & Adventure"
Hungry as the Sea: A Novel,"Fiction , Action & Adventure"
The Black Stallion Returns,"Juvenile Fiction , Action & Adventure , General"
The Captain's Wife,"Fiction , Action & Adventure"
The Memory of Running,"Fiction , Action & Adventure"
The Surgeon's Mate (Aubrey/Maturin),"Fiction , Action & Adventure"
The Thirteen-Gun Salute: Aubrey/Maturin (Book 13),"Fiction , Action & Adventure"
The Many Adventures of Winnie the Pooh: A Classic Disney Treasury,"Juvenile Fiction , Action & Adventure , General"
"The Wine-Dark Sea (Aubrey/Maturin Novels, 16) (Book 16)","Fiction , Action & Adventure"
"Ahab's Wife: Or, The Star-Gazer: A Novel","Fiction , Action & Adventure"
Walls to Freedom,"Fiction , Action & Adventure"
"Mississippi Jack: Being an Account of the Further Waterborne Adventures of Jacky Faber, Midshipman, Fine Lady, and Lily of the West (Bloody Jack Adventures, 5)","Young Adult Fiction , Action & Adventure , Pirates"
The Dark Frigate,"Juvenile Fiction , Action & Adventure , General"
The Volcano Disaster,"Juvenile Fiction , Action & Adventure , General"
"Atlantis Found (Dirk Pitt, No. 15)","Fiction , Action & Adventure"
The Navigator (The NUMA Files),"Fiction , Action & Adventure"
The Lost Tomb (Jack Howard),"Fiction , Action & Adventure"
The Story of Doctor Dolittle,"Juvenile Fiction , Action & Adventure , General"
The Thor Conspiracy,"Fiction , Science Fiction , Action & Adventure"
Kiss (Fearless #5),"Young Adult Fiction , Action & Adventure , General"
Fearless (#27),"Young Adult Fiction , Action & Adventure , General"
A Titanic Journey Across the Sea 1912 (American Sisters),"Juvenile Fiction , Action & Adventure , General"
"Jack's Black Book: What Happens When You Flunk an IQ Test? (Jack Henry) (Jack Henry, 5)","Juvenile Fiction , Action & Adventure , General"
The Valley of Secrets,"Young Adult Fiction , Action & Adventure , General"
The Snake Stone (Investigator Yashim),"Fiction , Action & Adventure"
Mendel's Dwarf,"Fiction , Action & Adventure"
"The Traitor (Tommy Carmellini, Book 2)","Fiction , Action & Adventure"
Market Forces: A Novel,"Fiction , Science Fiction , Action & Adventure"
24 Declassified: Trojan Horse,"Fiction , Action & Adventure"
To the Summit,"Young Adult Fiction , Action & Adventure , General"
Napoleon's Pyramids (Ethan Gage Adventures),"Fiction , Action & Adventure"
Havana: An Earl Swagger Novel,"Fiction , Action & Adventure"
Dead Easy (Mack Bolan),"Fiction , Action & Adventure"
Flying Colours (Hornblower Saga (Paperback)),"Fiction , Action & Adventure"
The Medici Dagger,"Fiction , Action & Adventure"
Darwin's Radio,"Fiction , Science Fiction , Action & Adventure"
The Wreck of the Zephyr,"Juvenile Fiction , Action & Adventure , General"
The Door in the Dragon's Throat (Volume 1),"Young Adult Fiction , Action & Adventure , General"
"Bell, Book, and Scandal (Jane Jeffry Mysteries)","Fiction , Action & Adventure"
"Ancient Fire (Danger Boy, Episode 1)","Juvenile Fiction , Action & Adventure , General"
The Three Musketeers (A Stepping Stone Book(TM)),"Juvenile Fiction , Action & Adventure , General"
Treasure of Khan (A Dirk Pitt Novel),"Fiction , Action & Adventure"
"Arctic Drift (A Dirk Pitt Novel, #20) (Dirk Pitt Adventure)","Fiction , Action & Adventure"
Gentlemen of the Road: A Tale of Adventure,"Fiction , Action & Adventure"
Poppleton: Poppleton Everyday,"Juvenile Fiction , Action & Adventure , General"
The Journey of Oliver K. Woodman,"Juvenile Fiction , Action & Adventure , General"
Empire,"Fiction , Science Fiction , Action & Adventure"
Shock Wave (Dirk Pitt Adventure),"Fiction , Action & Adventure"
White Death (The NUMA Files),"Fiction , Action & Adventure"
Harold's Fairy Tale (Further Adventures of with the Purple Crayon),"Juvenile Fiction , Action & Adventure , General"
Henry of Atlantic City,"Fiction , Action & Adventure"
The Bear and the Dragon (A Jack Ryan Novel),"Fiction , Action & Adventure"
The Passenger,"Fiction , Action & Adventure"
The Glamorous Life: A Novel,"Fiction , Action & Adventure"
To Trust a Stranger,"Fiction , Action & Adventure"
Ark Angel (Alex Rider Adventure),"Young Adult Fiction , Action & Adventure , General"
Under Enemy Colors (The Adventures of Charles Hayden),"Fiction , Action & Adventure"
Londonstani,"Fiction , Action & Adventure"
"Night Moves (Tom Clancy's Net Force, Book 3)","Fiction , Action & Adventure"
The Eye of the Tiger,"Fiction , Action & Adventure"
"Attack of the 50-Ft. Cupid (2) (Franny K. Stein, Mad Scientist)","Juvenile Fiction , Action & Adventure , General"
Finn: A Novel,"Fiction , Action & Adventure"
The Franklin Affair: A Novel,"Fiction , Action & Adventure"
Extreme Measures,"Fiction , Action & Adventure"
The Testament,"Fiction , Action & Adventure"
Procurator,"Fiction , Science Fiction , Action & Adventure"
Robinson Crusoe (Barnes & Noble Classics Series) (B&N Classics),"Young Adult Fiction , Action & Adventure , General"
Knitting Under the Influence,"Fiction , Action & Adventure"
"Point of Impact (Tom Clancy's Net Force, Book 5)","Fiction , Action & Adventure"
Weekend Warriors,"Fiction , Romance , Action & Adventure"
The Rowan,"Fiction , Science Fiction , Action & Adventure"
Red Rabbit (Tom Clancy),"Fiction , Action & Adventure"
A Phule and His Money (Phule's Company),"Fiction , Action & Adventure"
Wake of the Perdido Star,"Fiction , Action & Adventure"
Dragon Rider,"Juvenile Fiction , Action & Adventure , General"
"The Final Warning (Maximum Ride, Book 4)","Young Adult Fiction , Action & Adventure , General"
Edward and the Pirates,"Juvenile Fiction , Action & Adventure , General"
Wormwood,"Juvenile Fiction , Action & Adventure , General"
Saints and Villains,"Fiction , Action & Adventure"
The Testament: A Novel (The Testament Series),"Fiction , Action & Adventure"
Strike and Retrieve (Super Bolan #89),"Fiction , Action & Adventure"
The Bible of Clay: A Novel,"Fiction , Action & Adventure"
Snakehead (Alex Rider),"Young Adult Fiction , Action & Adventure , General"
Curious George and the Puppies (CANCELED),"Juvenile Fiction , Action & Adventure , General"
Alice's Adventures in Wonderland and Through the Looking Glass (Barnes & Noble Classics),"Fiction , Action & Adventure"
Dora's Storytime Collection (Dora the Explorer),"Juvenile Fiction , Action & Adventure , General"
Snakehead (Alex Rider Adventure),"Young Adult Fiction , Action & Adventure , General"
Link,"Fiction , Action & Adventure"
Reign in Hell (Vail Stampler),"Fiction , Action & Adventure"
The Sixth Fleet: Seawolf,"Fiction , Action & Adventure"
The Sixth Fleet #3: Tomcat,"Fiction , Action & Adventure"
The Winter Rescue (Volume 3) (Sugar Creek Gang Original Series),"Juvenile Fiction , Action & Adventure , General"
Kolymsky Heights,"Fiction , Action & Adventure"
The Case of the Surprise Call (New Adventures of Mary-Kate & Ashley),"Juvenile Fiction , Action & Adventure , General"
Medusa (NUMA Files),"Fiction , Action & Adventure"
Italian Stories (American Literature (Dalkey Archive)),"Fiction , Action & Adventure"
River Thunder,"Young Adult Fiction , Action & Adventure , General"
Sacred Stone (The Oregon Files),"Fiction , Action & Adventure"
Lost City (The NUMA Files),"Fiction , Action & Adventure"
Life of Pi,"Fiction , Action & Adventure"
The Same Sea,"Fiction , Action & Adventure"
"Saving the World (Maximum Ride, Book 3)","Young Adult Fiction , Action & Adventure , General"
"Jewels of the Sun: The Gallaghers of Ardmore Trilogy (Irish Trilogy, Book 1)","Fiction , Action & Adventure"
The Adventures of Huckleberry Finn,"Fiction , Action & Adventure"
Fighter Wing: A Guided Tour of an Air Force Combat Wing (Tom Clancy's Military Referenc),"Fiction , Action & Adventure"
Mercycle,"Fiction , Science Fiction , Action & Adventure"
Black Wind (Dirk Pitt Adventure),"Fiction , Action & Adventure"
The Great Interactive Dream Machine,"Juvenile Fiction , Action & Adventure , General"
"Seven Deadly Wonders: A Novel (1) (Jack West, Jr.)","Fiction , Action & Adventure"
Terminator Salvation: From the Ashes: The Official Prequel Novelization,"Fiction , Science Fiction , Action & Adventure"
Polar Shift (The NUMA Files),"Fiction , Action & Adventure"
Legends Lake,"Fiction , Action & Adventure"
Fall of a Kingdom (The Farsala Trilogy),"Young Adult Fiction , Action & Adventure , General"
"The Final Warning: A Maximum Ride Novel (Book 4) (Maximum Ride, 4)","Young Adult Fiction , Action & Adventure , General"
Master of Ballantrae,"Fiction , Action & Adventure"
Atlantis (Jack Howard),"Fiction , Action & Adventure"
Dragon (Dirk Pitt Adventure),"Fiction , Action & Adventure"
Transformers: Ghosts of Yesterday: A Novel (Transformers (Ballantine Books)),"Fiction , Science Fiction , Action & Adventure"
Children of Hope,"Fiction , Science Fiction , Action & Adventure"
Seduction by Design,"Fiction , Action & Adventure"
"The Final Warning: A Maximum Ride Novel (Maximum Ride, 4)","Young Adult Fiction , Action & Adventure , General"
"Lt. Leary, Commanding (1)","Fiction , Science Fiction , Action & Adventure"
The Medici Dagger,"Fiction , Action & Adventure"
Skeleton Key (Alex Rider),"Young Adult Fiction , Action & Adventure , General"
Trading in Danger,"Fiction , Science Fiction , Action & Adventure"
"Tale of the Thunderbolt (The Vampire Earth, Book 3)","Fiction , Science Fiction , Action & Adventure"
Distant Valor,"Fiction , Action & Adventure"
"The Wolf King (Legends of the Wolves, Book 3)","Fiction , Action & Adventure"
The Door Within,"Juvenile Fiction , Action & Adventure , General"
D.W. Flips (D. W. Series),"Juvenile Fiction , Action & Adventure , General"
David Brin's Out of Time: Yanked!,"Fiction , Science Fiction , Action & Adventure"
Shock Wave (Dirk Pitt Adventures (Paperback)),"Fiction , Action & Adventure"
A Brig of War (A Nathaniel Drinkwater Novel) (Mariner's Library Fiction Classics),"Fiction , Action & Adventure"
The Hunt for Atlantis: A Novel (Nina Wilde and Eddie Chase),"Fiction , Action & Adventure"
The Lost World (Dover Thrift Editions),"Fiction , Action & Adventure"
Back to the Moon,"Fiction , Action & Adventure"
The Adirondack Kids #2: Rescue on Bald Mountain,"Juvenile Fiction , Action & Adventure , General"
Termination Point (Super Bolan),"Fiction , Action & Adventure"
Arctic Drift (Dirk Pitt),"Fiction , Action & Adventure"
Curious George Goes to a Chocolate Factory,"Juvenile Fiction , Action & Adventure , General"
Thomas the Really Useful Engine (Thomas the Tank Engine & Friends),"Juvenile Fiction , Action & Adventure , General"
So Yesterday,"Young Adult Fiction , Action & Adventure , General"
Spartan Gold (A Sam and Remi Fargo Adventure),"Fiction , Action & Adventure"
Dreaming in Black and White: A Phoebe Grant Novel,"Fiction , Action & Adventure"
The Rosetta Key: An Ethan Gage Adventure (Ethan Gage Adventures),"Fiction , Action & Adventure"
King Arthur's Knight Quest (Fantasy Adventures Series),"Juvenile Fiction , Action & Adventure , General"
Poppleton: Poppleton and Friends,"Juvenile Fiction , Action & Adventure , General"
Escape from the Island of Aquarius (The Cooper Kids Adventure Series #2) (Volume 2),"Young Adult Fiction , Action & Adventure , General"
The Tiger Warrior (Jack Howard),"Fiction , Action & Adventure"
Bad Girls,"Fiction , Action & Adventure"
Promise of the Wolves: A Novel (The Wolf Chronicles),"Fiction , Action & Adventure"
Vellum: The Book of All Hours,"Fiction , Science Fiction , Action & Adventure"
Coyote Blue,"Fiction , Action & Adventure"
"Star Light (Secret Sisters Series , No 3)","Juvenile Fiction , Action & Adventure , General"
Dark Fathom (Beck Easton Adventure Series #2),"Fiction , Action & Adventure"
"Payback (Fearless, No. 6)","Young Adult Fiction , Action & Adventure , General"
If I Were You (Science Fiction & Fantasy Short Stories Collection) (English and English Edition),"Fiction , Action & Adventure"
Last Call,"Fiction , Action & Adventure"
"Hell's Gate (Multiverse, Book 1)","Fiction , Science Fiction , Action & Adventure"
Coffin on a Case (Trophy Mystery),"Juvenile Fiction , Action & Adventure , General"
"Blood of the Earth (The Executioner, No. 246)","Fiction , Action & Adventure"
The Ice Soldier: A Novel,"Fiction , Action & Adventure"
Sam: The Tale of a Chesapeake Bay Rockfish,"Juvenile Fiction , Action & Adventure , General"
"Grimspace (Sirantha Jax, Book 1)","Fiction , Science Fiction , Action & Adventure"
Red Thunder (A Thunder and Lightning Novel),"Fiction , Science Fiction , Action & Adventure"
Rufus M.,"Juvenile Fiction , Action & Adventure , General"
"Buried Treasure, a Pirate's Tale","Juvenile Fiction , Action & Adventure , General"
Assegai (Courtney Family Adventures),"Fiction , Action & Adventure"
Cal: A Novel,"Fiction , Action & Adventure"
Curious George's Dream,"Juvenile Fiction , Action & Adventure , General"
Corsair (The Oregon Files),"Fiction , Action & Adventure"
Mad Dogs (CHERUB #8),"Young Adult Fiction , Action & Adventure , General"
"Crocodile Tears (Alex Rider, No. 8)","Young Adult Fiction , Action & Adventure , General"
Agincourt,"Fiction , Action & Adventure"
"Dragonshadow (Winterlands, No. 2)","Fiction , Fantasy , Action & Adventure"
The Five Greatest Warriors: A Novel,"Fiction , Action & Adventure"
What Will I Be?: Dora's Book About Jobs (Dora the Explorer),"Juvenile Fiction , Action & Adventure , General"
12 Princess Stories,"Juvenile Fiction , Action & Adventure , General"
The Boy Who Saved the Town,"Juvenile Fiction , Action & Adventure , General"
Wound Too Tight,"Fiction , Action & Adventure"
In the Heart of the Canyon (Vintage Contemporaries),"Fiction , Action & Adventure"
Get Shorty,"Fiction , Action & Adventure"
The Rose Labyrinth,"Fiction , Action & Adventure"
Emperor: The Gates of Rome: A Novel of Julius Caesar,"Fiction , Action & Adventure"
Sure Fire,"Young Adult Fiction , Action & Adventure , General"
The Door Within,"Juvenile Fiction , Action & Adventure , General"
Lost Empire: A Fargo Adventure (A Sam and Remi Fargo Adventure),"Fiction , Action & Adventure"
Brute Force,"Fiction , Action & Adventure"
"Port of Spies (Pirate School, No. 4)","Juvenile Fiction , Action & Adventure , Pirates"
Diplomacy Directive,"Fiction , Action & Adventure"
Salvador Strike (The Executioner),"Fiction , Action & Adventure"
Betrayed (Superbolan),"Fiction , Action & Adventure"
Shadows on the Sea (Aladdin Historical Fiction),"Juvenile Fiction , Action & Adventure , General"
Spartan Gold (A Sam and Remi Fargo Adventure),"Fiction , Action & Adventure"
"Orphan's Journey (Jason Wander, 3)","Fiction , Science Fiction , Action & Adventure"
Tonka Joe Adventures #1: Danger Ahead,"Juvenile Fiction , Action & Adventure , General"
Stormbreaker (Alex Rider),"Young Adult Fiction , Action & Adventure , General"
Whispering Brook Farm (Whispering Brook Series),"Young Adult Fiction , Action & Adventure , General"
Eagle Strike (Alex Rider),"Young Adult Fiction , Action & Adventure , General"
Flat Stanley's Worldwide Adventures #2: The Great Egyptian Grave Robbery,"Juvenile Fiction , Action & Adventure , General"
Flat Stanley's Worldwide Adventures #1: The Mount Rushmore Calamity,"Juvenile Fiction , Action & Adventure , General"
"The Young Bond Series, Book One: SilverFin (A James Bond Adventure, new cover) (A James Bond Adventure, 1)","Young Adult Fiction , Action & Adventure , General"
The Wrecker (An Isaac Bell Adventure),"Fiction , Action & Adventure"
The Long Way Home (The Homelanders),"Young Adult Fiction , Action & Adventure , General"
Kidnapped (A Stepping Stone Book(TM)),"Juvenile Fiction , Action & Adventure , General"
War Season (Super Bolan #74) (Mack Bolan),"Fiction , Action & Adventure"
Stony Man: Vector Three,"Fiction , Action & Adventure"
With the Lightnings,"Fiction , Science Fiction , Action & Adventure"
The Dragon of Lonely Island,"Juvenile Fiction , Action & Adventure , General"
Legacy of Valor,"Fiction , Action & Adventure"
The Dakota Cipher: An Ethan Gage Adventure (Ethan Gage Adventures),"Fiction , Action & Adventure"
Curious George in the Snow,"Juvenile Fiction , Action & Adventure , General"
Hatching Magic,"Juvenile Fiction , Action & Adventure , General"
"The Young Bond Series, Book Two: Blood Fever (A James Bond Adventure, new cover)","Young Adult Fiction , Action & Adventure , General"
Escape from Memory,"Young Adult Fiction , Action & Adventure , General"
The Disorderly Knights,"Fiction , Action & Adventure"
A Crowning Mercy: A Novel,"Fiction , Action & Adventure"
The Silent Sea (The Oregon Files),"Fiction , Action & Adventure"
Dark Alliance (The Executioner),"Fiction , Action & Adventure"
"At the Auto Repair Center (Tonka, Trucks Storybooks)","Juvenile Fiction , Action & Adventure , General"
Coyote: A Novel of Interstellar Exploration,"Fiction , Science Fiction , Action & Adventure"
The Dark Path,"Fiction , Science Fiction , Action & Adventure"
Circle Dance,"Fiction , Action & Adventure"
Code Name: Antidote,"Fiction , Action & Adventure"
Williwaw!,"Young Adult Fiction , Action & Adventure , General"
The Conch Bearer (Brotherhood of the Conch),"Young Adult Fiction , Action & Adventure , General"
Aftermath: An Anthology,"Fiction , Action & Adventure"
Alissa and the Castle Ghost (Stardust Classics: Alissa),"Juvenile Fiction , Action & Adventure , General"
Scorpia Rising (Alex Rider),"Young Adult Fiction , Action & Adventure , General"
"If That Breathes Fire, We're Toast","Juvenile Fiction , Action & Adventure , General"
Wayward Wind,"Fiction , Action & Adventure"
Resistance The Gathering Storm,"Fiction , Science Fiction , Action & Adventure"
Secret Agent Handbook (Disney Club Penguin),"Juvenile Fiction , Action & Adventure , General"
Ascendant Sun: A New Novel in the Saga of the Skolian Empire,"Fiction , Science Fiction , Action & Adventure"
"Conflict Imperative (Stonyman, 48)","Fiction , Action & Adventure"
Little Bunny Gets Lost (Little Bunny Adventures Series),"Juvenile Fiction , Action & Adventure , General"
"Before the Apocalypse, the Jonah Factor","Fiction , Action & Adventure"
The School of Night: A Novel,"Fiction , Action & Adventure"
"Orphan's Alliance (Jason Wander, 4)","Fiction , Science Fiction , Action & Adventure"
"Combat Ops (Tom Clancy's Ghost Recon, Book 2)","Fiction , Action & Adventure"
Subject Seven,"Young Adult Fiction , Action & Adventure , Survival Stories"
The Mask of Troy: A Novel (Jack Howard),"Fiction , Action & Adventure"
Dark Watch (The Oregon Files),"Fiction , Action & Adventure"
Kokopelli's Flute,"Juvenile Fiction , Action & Adventure , General"
Time Travelers Never Die,"Fiction , Science Fiction , Action & Adventure"
Lethal Tribute (SuperBolan),"Fiction , Action & Adventure"
Crescent Dawn (Dirk Pitt Adventures),"Fiction , Action & Adventure"
Toby Tyler (Companion Library Series),"Fiction , Action & Adventure"
Five Skies,"Fiction , Action & Adventure"
"Legions Now Quiet, The Civil War Novel","Fiction , Action & Adventure"
Devil's Gate (The NUMA Files),"Fiction , Action & Adventure"
